Species,Metabolite,Rho_species_stage,PVal_species_stage,Rho_metabolite_stage,PVal_metabolite_stage,Rho_spc_mtb,PVal_spc_mtb,QVal_species_stage,QVal_metabolite_stage,QVal_spc_mtb,combined_effect
Lachnospira sp900551945,C01015_Hydroxyproline,-0.2776953103399241,1.4563326567514789e-07,-0.20675680079465814,0.00010464742264394819,0.23285397475744407,1.174203296412404e-05,0.0005822417961692413,0.028987336072373648,0.00015991130423752812,0.7173060858920264
Lachnospira sp900551945,C00065_Ser,-0.2776953103399241,1.4563326567514789e-07,0.18352610634802258,0.000591237327374716,-0.20457131631415723,0.00012421573291429802,0.0005822417961692413,0.04094318492069908,0.0010959880748423526,0.665792733002104
