Feature,MeanGroup1,MeanGroup2,Log2FC,Statistic,PValue,CliffsD,QValue,Significant
C00134_Putrescine,1.717164411376158,1.26267356988886,-0.44354646046163215,2629.0,0.0012367560772582223,0.38005249343832026,0.016077829004356888,True
