PC,var_pct,cum_var_pct
PC1,12.217192053170676,12.217192053170676
PC2,7.035098109465615,19.25229016263629
PC3,6.042681333535228,25.29497149617152
PC4,4.678463737741756,29.973435233913275
PC5,3.9856855623934186,33.9591207963067
PC6,2.8724773261492613,36.83159812245596
PC7,2.301111052311592,39.13270917476755
PC8,2.2660295256751124,41.398738700442664
PC9,1.8562705139641063,43.25500921440677
PC10,1.7351207505253767,44.990129964932144
