PC,var_pct,cum_var_pct
PC1,6.660665547638568,6.660665547638568
PC2,3.766677420560211,10.42734296819878
PC3,3.243290112862365,13.670633081061146
PC4,2.695655050960775,16.366288132021918
PC5,1.7157198396486741,18.082007971670595
PC6,1.4489171801120573,19.530925151782654
PC7,1.3363449356331525,20.867270087415804
PC8,1.2743586578538217,22.141628745269625
PC9,1.1320561628129366,23.27368490808256
PC10,0.9421235849127836,24.215808492995343
