Species,Rho_urate,Pval_urate,Rho_glucuronate,Pval_glucuronate,Rho_stage,Pval_stage
Blautia_A wexlerae,0.11774205005509433,0.028306609921270178,0.21151749002457562,7.159068023160155e-05,-0.03801633717545382,0.4802715773544186
Blautia_A obeum,-0.03681808841730624,0.4942264700639901,-0.04149622286326826,0.44098452133839017,-0.05324676069495428,0.3226631291871431
Blautia_A wexlerae_B,0.12317106280052101,0.021739505021918865,0.2174631350052616,4.402629904678232e-05,-0.05085403796876194,0.3449147801235053
Mediterraneibacter torques,0.09018286350654328,0.09348808917279795,0.08828042689593384,0.10064075206942805,0.012454592143982274,0.8171787136759933
