modality,r2,r2_adj,n_samples,n_predictors
Species (CLR),0.007606973979754359,0.0018372470842877853,347,2
Metabolites (log10),0.01159091488677727,0.005844350438444557,347,2
