group1,group2,U,pval_raw,n1,n2,qval
Healthy,Early_CRC,3476.0,0.6686096904627374,127,57,0.672251954716061
Healthy,Advanced_CRC,9424.0,0.1912292031966356,127,163,0.5736876095899068
Early_CRC,Advanced_CRC,4470.0,0.672251954716061,57,163,0.672251954716061
