species,metabolite,rho_s1,qval_s1,rho_s2,qval_s2,same_direction
Acetatifactor intestinalis,C05332_Phenethylamine,-0.5414737073089172,0.019336302085491367,-0.5600640379145227,0.037879077263596676,True
